Index,X,Y
1.0,0.01,-4.178356195085653
2.0,0.01999,-4.229386785769528
3.0,0.02998,-2.211596654531393
4.0,0.039970000000000006,-2.3415914489193277
5.0,0.049960000000000004,-2.6851062422111003
6.0,0.05995,-2.239792450906027
7.0,0.06994,-3.0958263212567636
8.0,0.07993,-0.824764345935066
9.0,0.08992,-1.6400657168111752
10.0,0.09991,-0.4957825903067843
11.0,0.1099,-1.5465586839698864
12.0,0.11989,-0.47281602414804946
13.0,0.12988000000000002,-0.8169498971707518
14.0,0.13987000000000002,-2.8260655095672402
15.0,0.14986000000000002,-0.5854255799051031
16.0,0.15985000000000002,-0.24515350233821986
17.0,0.16984000000000002,-0.6456692732127084
18.0,0.17983000000000002,-0.3994742699845563
19.0,0.18982000000000002,-0.6453007236508397
20.0,0.19981000000000002,-1.2367534984353785
21.0,0.20980000000000001,-0.8639779459868682
22.0,0.21979,-1.1477278992508295
23.0,0.22978,0.8057777961312016
24.0,0.23977,1.2020881748438235
25.0,0.24976000000000004,-0.6510366815719146
26.0,0.25975000000000004,-1.26007434998597
27.0,0.26974000000000004,0.3846880998183342
28.0,0.27973000000000003,1.5395638345822713
29.0,0.28972000000000003,-0.441828514277139
30.0,0.29971000000000003,0.7892366746058661
31.0,0.30970000000000003,1.7922422115699923
32.0,0.31969000000000003,1.7956221042838083
33.0,0.32968000000000003,1.0628876431719276
34.0,0.33967,-0.10902059249409468
35.0,0.34966,0.5027019847197085
36.0,0.35965,0.26952831215455625
37.0,0.36964,1.4237365665186918
38.0,0.37963,-0.4778741013512521
39.0,0.38962,-0.682246939143289
40.0,0.39961,-1.1586813115732706
41.0,0.4096,0.7889185193205956
42.0,0.41959,2.6243303300726377
43.0,0.42958,1.3763680330494668
44.0,0.43957,1.213525421860143
45.0,0.44956,1.3169079135697475
46.0,0.45955,0.5462679881132463
47.0,0.46954,2.3998508303992976
48.0,0.47953,1.9615765151981561
49.0,0.48952000000000007,0.3237885418213218
50.0,0.49951000000000007,2.3851889478575066
51.0,0.5095000000000001,2.0586172641931273
52.0,0.51949,1.7783706279847529
53.0,0.5294800000000001,3.029918095565706
54.0,0.53947,-0.166499089565179
55.0,0.5494600000000001,2.4747868611516988
56.0,0.55945,0.7473096475731351
57.0,0.5694400000000001,2.7595013717387817
58.0,0.57943,1.3185066209651402
59.0,0.58942,1.9381142120272954
60.0,0.59941,1.6833139297903745
61.0,0.6094,2.547699122975743
62.0,0.61939,2.247713256554328
63.0,0.62938,2.2372498868851807
64.0,0.63937,3.628792059975787
65.0,0.64936,1.381768386133955
66.0,0.6593500000000001,2.331600261363704
67.0,0.66934,5.845221846183885
68.0,0.6793300000000001,1.7818943627658936
69.0,0.68932,1.633938269535875
70.0,0.6993100000000001,3.874649665538038
71.0,0.7093,2.4039357556984884
72.0,0.7192900000000001,3.480039388969419
73.0,0.72928,3.545837769600377
74.0,0.7392700000000001,1.5735347723069304
75.0,0.74926,2.2788268691869593
76.0,0.7592500000000001,2.9074574401294297
77.0,0.76924,3.2399179137635796
78.0,0.7792300000000001,2.4676894643080804
79.0,0.78922,2.7445152124415104
80.0,0.7992100000000001,5.296948562069733
81.0,0.8092,3.3639492730199305
82.0,0.8191900000000001,3.6489195617437247
83.0,0.82918,1.9953226931807553
84.0,0.8391700000000001,3.477139330114545
85.0,0.84916,5.0368179545184
86.0,0.8591500000000001,3.936329993681558
87.0,0.86914,3.256722981317918
88.0,0.8791300000000001,3.7060134286769317
89.0,0.88912,5.30557846443089
90.0,0.8991100000000001,3.10859601971892
91.0,0.9091,4.480313328980623
92.0,0.9190900000000001,3.952406678416989
93.0,0.92908,4.3030574805032185
94.0,0.9390700000000001,3.703223243672666
95.0,0.94906,3.5921825273883474
96.0,0.9590500000000001,4.021115242542561
97.0,0.9690400000000001,4.793483315279612
98.0,0.9790300000000001,5.996715468456378
99.0,0.9890200000000001,4.095731695374409
100.0,0.9990100000000001,3.7612521956728546
101.0,1.0090000000000001,4.8433704764551315
102.0,1.01899,6.64769793815255
103.0,1.02898,3.7246847432419834
104.0,1.0389700000000002,3.394918634827415
105.0,1.0489600000000001,5.211708494846944
106.0,1.05895,4.501251642717217
107.0,1.06894,5.419939242745908
108.0,1.0789300000000002,4.137509354668309
109.0,1.08892,3.3404302344048764
110.0,1.09891,3.7878973992443017
111.0,1.1089,4.132896163047549
112.0,1.1188900000000002,2.722548146372649
113.0,1.12888,7.210872400952463
114.0,1.13887,4.16636937289491
115.0,1.14886,4.134346400800249
116.0,1.1588500000000002,5.092414651587659
117.0,1.16884,4.408380312416641
118.0,1.17883,5.751965035423353
119.0,1.18882,5.110485861268372
120.0,1.1988100000000002,4.984480677441967
121.0,1.2088,5.01105939074235
122.0,1.21879,6.017780895943856
123.0,1.22878,3.84425095347632
124.0,1.2387700000000001,4.46384519341799
125.0,1.24876,6.990240333404748
126.0,1.25875,4.9247555891769155
127.0,1.26874,5.565255605180956
128.0,1.2787300000000001,6.344530402149399
129.0,1.28872,3.898734995400978
130.0,1.29871,4.965919326069376
131.0,1.3087000000000002,5.3432110492040445
132.0,1.3186900000000001,3.6045381222587656
133.0,1.32868,4.748961971003385
134.0,1.33867,6.095033966529775
135.0,1.3486600000000002,3.858131166781915
136.0,1.3586500000000001,4.296399972683636
137.0,1.36864,5.470182024081588
138.0,1.37863,5.94455751738614
139.0,1.3886200000000002,4.767169006393391
140.0,1.3986100000000001,5.647920615384144
141.0,1.4086,4.931949882829396
142.0,1.41859,5.00819248651105
143.0,1.4285800000000002,6.877726043262268
144.0,1.4385700000000001,4.607011472218891
145.0,1.44856,4.035321523665479
146.0,1.45855,7.0324599707038
147.0,1.4685400000000002,5.156285371295622
148.0,1.4785300000000001,6.891894021984372
149.0,1.48852,4.853000167179471
150.0,1.49851,5.362806983470645
151.0,1.5085000000000002,4.227609464835105
152.0,1.5184900000000001,6.769874735249744
153.0,1.52848,5.7616804164368265
154.0,1.53847,5.312894639053595
155.0,1.5484600000000002,6.010492686640012
156.0,1.5584500000000001,5.968294473727158
157.0,1.56844,4.340490021360984
158.0,1.57843,3.6237365156657075
159.0,1.5884200000000002,7.14488658447947
160.0,1.59841,5.2383696074276695
161.0,1.6084,5.585928191523499
162.0,1.6183900000000002,5.276745488059589
163.0,1.6283800000000002,4.991352596258446
164.0,1.63837,5.914445286795522
165.0,1.64836,6.372087121651107
166.0,1.6583500000000002,4.009953960722369
167.0,1.6683400000000002,5.3430696594197045
168.0,1.67833,4.324764046835249
169.0,1.68832,6.082323451762359
170.0,1.6983100000000002,4.3234125443692495
171.0,1.7083000000000002,5.126323191051544
172.0,1.71829,6.897075263046072
173.0,1.72828,7.044117249922335
174.0,1.7382700000000002,6.296624794829942
175.0,1.7482600000000001,5.670260478676349
176.0,1.75825,5.184547953039016
177.0,1.76824,7.056492866015475
178.0,1.7782300000000002,6.457203570315737
179.0,1.7882200000000001,5.969202307044931
180.0,1.79821,5.311914847257161
181.0,1.8082,3.779244060540271
182.0,1.8181900000000002,6.693215773991773
183.0,1.8281800000000001,5.080554506762082
184.0,1.83817,5.873695893639181
185.0,1.84816,6.159774704844321
186.0,1.8581500000000002,5.250526273565937
187.0,1.8681400000000001,4.192961294539659
188.0,1.87813,7.735814136180835
189.0,1.88812,6.412270364328693
190.0,1.8981100000000002,4.110540601707409
191.0,1.9081000000000001,6.123114326320853
192.0,1.91809,6.816543924348148
193.0,1.9280800000000002,6.941088608949015
194.0,1.9380700000000002,4.068041715514904
195.0,1.9480600000000001,6.233283096551437
196.0,1.95805,6.081750373437541
197.0,1.9680400000000002,4.116716236738045
198.0,1.9780300000000002,3.549454948830481
199.0,1.9880200000000001,4.432303093393991
200.0,1.99801,5.444247626057874
201.0,2.008,5.409709466015746
202.0,2.0179899999999997,5.978003972870361
203.0,2.02798,5.619552641482181
204.0,2.03797,3.904348855803696
205.0,2.04796,3.7977065274750017
206.0,2.05795,4.630075173838123
207.0,2.06794,4.333337624068833
208.0,2.07793,4.095052177402119
209.0,2.08792,5.903443417856987
210.0,2.0979099999999997,5.39879270773503
211.0,2.1079,4.920225468571801
212.0,2.11789,2.315068118331596
213.0,2.1278799999999998,3.750483035713258
214.0,2.13787,5.025394141120406
215.0,2.14786,5.358190276258298
216.0,2.15785,4.013674478815514
217.0,2.16784,5.019367812040222
218.0,2.1778299999999997,6.108574449781038
219.0,2.18782,5.281689620576234
220.0,2.19781,3.1254723318813014
221.0,2.2077999999999998,4.61485682769148
222.0,2.21779,5.847762675572877
223.0,2.22778,4.075992854958109
224.0,2.23777,2.7220585249773643
225.0,2.24776,4.515350680889068
226.0,2.25775,5.06748234419202
227.0,2.26774,2.1004502372931246
228.0,2.27773,5.6862325716541555
229.0,2.2877199999999998,4.781212376146143
230.0,2.29771,3.393180956625386
231.0,2.3077,4.18552638460133
232.0,2.31769,3.842395707394391
233.0,2.32768,3.0133195858300725
234.0,2.33767,4.672726075749717
235.0,2.34766,3.14585838568708
236.0,2.35765,3.1268695826341855
237.0,2.3676399999999997,3.1145047997244695
238.0,2.37763,4.932879140687245
239.0,2.38762,4.654461047479317
240.0,2.39761,3.544584111851251
241.0,2.4076,5.141162969409112
242.0,2.41759,3.6711189972760825
243.0,2.42758,5.93800322131113
244.0,2.43757,3.852601262698092
245.0,2.4475599999999997,2.4681073750693274
246.0,2.45755,3.2216454096312654
247.0,2.46754,5.494020817978874
248.0,2.47753,4.22614621962246
249.0,2.48752,4.796643253967476
250.0,2.49751,4.136057749234355
251.0,2.5075,4.828654568833075
252.0,2.51749,4.3263257662384165
253.0,2.5274799999999997,4.7987849440134935
254.0,2.53747,3.8439721325472416
255.0,2.54746,3.679807311355367
256.0,2.55745,2.7203420884998915
257.0,2.56744,3.194050167853548
258.0,2.57743,3.9996838336522362
259.0,2.58742,2.684066490486757
260.0,2.59741,3.437565912574368
261.0,2.6074,3.914730934239072
262.0,2.61739,3.5920721602691894
263.0,2.62738,3.847522508763489
264.0,2.6373699999999998,1.3149721870844067
265.0,2.64736,4.1319941545415135
266.0,2.65735,3.847843448498085
267.0,2.66734,1.9304334041460638
268.0,2.67733,1.2956043565822273
269.0,2.68732,2.9101990820240604
270.0,2.69731,3.4777492350165824
271.0,2.7073,4.363909578339271
272.0,2.7172899999999998,4.091060271247208
273.0,2.72728,2.2474677513858365
274.0,2.73727,3.025918766954723
275.0,2.74726,4.136422614386386
276.0,2.75725,2.6166917629675197
277.0,2.76724,4.139749315851236
278.0,2.77723,2.6442718549500626
279.0,2.78722,2.098503340494689
280.0,2.7972099999999998,1.2161100420560418
281.0,2.8072,1.0826937779878456
282.0,2.81719,3.756015537445084
283.0,2.82718,4.391550407678742
284.0,2.83717,1.9444305154189452
285.0,2.84716,3.200054937834892
286.0,2.85715,1.5822684896115478
287.0,2.86714,2.95072218061528
288.0,2.8771299999999997,2.568289815657569
289.0,2.88712,2.2569502538798467
290.0,2.89711,2.8824762456964192
291.0,2.9071,3.0635328148973793
292.0,2.91709,3.4588861158830237
293.0,2.92708,2.6715820034158506
294.0,2.93707,2.850233315166212
295.0,2.94706,3.3319906896259814
296.0,2.95705,2.640157028966758
297.0,2.96704,3.1400581783449515
298.0,2.97703,1.290852398348429
299.0,2.98702,2.0833308487063285
300.0,2.99701,2.8821982722478516
301.0,3.007,2.4637840546973666
302.0,3.01699,0.9905860982926429
303.0,3.02698,1.6257585475198904
304.0,3.03697,1.8949855873874517
305.0,3.04696,1.3462595629135585
306.0,3.05695,2.1781929200141006
307.0,3.0669399999999998,1.6738888095600493
308.0,3.07693,1.4469387163366763
309.0,3.08692,0.7899180156617365
310.0,3.09691,2.7394721103527804
311.0,3.1069,-0.8021419318778669
312.0,3.11689,0.7948653829644443
313.0,3.12688,1.4735751737487017
314.0,3.13687,1.1212884177767148
315.0,3.1468599999999998,-0.7954891373253936
316.0,3.15685,1.7596704157714906
317.0,3.16684,-0.26489051093705474
318.0,3.17683,1.540873203504474
319.0,3.18682,1.8872110012466083
320.0,3.19681,-0.2474214341314679
321.0,3.2068,1.847092803521704
322.0,3.21679,0.282311704541801
323.0,3.22678,1.5542265006485243
324.0,3.23677,1.1217064838217712
325.0,3.24676,-0.31742844836689
326.0,3.25675,1.8950610512927442
327.0,3.26674,-0.6499763148357838
328.0,3.27673,1.022869393731462
329.0,3.28672,0.41727972439625427
330.0,3.29671,-0.2102829608520349
331.0,3.3067,0.10431324023488853
332.0,3.31669,0.31220019185266723
333.0,3.32668,0.9126985236674523
334.0,3.33667,2.1642219078227787
335.0,3.34666,-0.7696765064388666
336.0,3.35665,0.008007601296943723
337.0,3.36664,0.7060414239455328
338.0,3.37663,-1.127772732554967
339.0,3.38662,-0.27156731205920903
340.0,3.39661,-0.06411323449284376
341.0,3.4066,-0.6873986011369106
342.0,3.41659,0.6608316854477186
343.0,3.42658,-0.45794818788168296
344.0,3.43657,0.28220647342302385
345.0,3.44656,0.714049890542163
346.0,3.45655,-0.594493026951942
347.0,3.46654,-0.6257226125920681
348.0,3.47653,1.4594200269593267
349.0,3.48652,0.04714331072694772
350.0,3.49651,0.3819529906321112
351.0,3.5065,0.31771525406532974
352.0,3.51649,0.20287336341146112
353.0,3.52648,-1.5462734764636776
354.0,3.53647,-0.8447781735311193
355.0,3.54646,-1.3428795790567782
356.0,3.55645,-2.519590541179548
357.0,3.56644,-0.6344825797170048
358.0,3.57643,0.07021465908068436
359.0,3.58642,-0.6314322567419826
360.0,3.59641,0.5117282491469619
361.0,3.6064,-0.6857726108136353
362.0,3.61639,-0.6939799597550587
363.0,3.62638,-1.441217151444144
364.0,3.63637,-2.292314645324686
365.0,3.64636,-2.2281131661130145
366.0,3.65635,-1.202669369399037
367.0,3.66634,-0.9068130340636003
368.0,3.67633,-1.86808817999909
369.0,3.68632,-0.6276257147130837
370.0,3.69631,-0.593818269931867
371.0,3.7063,-3.4267789811987086
372.0,3.71629,-1.4946455345635914
373.0,3.72628,-0.5303111193786361
374.0,3.73627,-2.269050705765061
375.0,3.74626,0.12348619612474732
376.0,3.75625,-0.6980361428964743
377.0,3.76624,-0.1411811932053859
378.0,3.77623,0.08547950638554491
379.0,3.78622,0.22763801679801543
380.0,3.79621,-1.039923424566171
381.0,3.8062,-2.664457904714423
382.0,3.81619,-2.6126759062976177
383.0,3.82618,-2.220455678773867
384.0,3.83617,-0.3904628378535131
385.0,3.8461600000000002,-2.0469031430047213
386.0,3.85615,-2.6419417704750012
387.0,3.86614,-2.7838195503575585
388.0,3.87613,-3.1608494805736482
389.0,3.88612,-0.343475013945987
390.0,3.89611,-1.2608090034761064
391.0,3.9061,-1.3352238347253493
392.0,3.91609,-2.281565696516588
393.0,3.9260800000000002,-1.258398701793403
394.0,3.93607,-2.774901004273567
395.0,3.94606,-2.278900857122486
396.0,3.95605,-2.912427360389238
397.0,3.96604,-2.7507035311152555
398.0,3.97603,-2.66977105408436
399.0,3.98602,-2.4461239637763494
400.0,3.99601,-0.9493338209027571
401.0,4.006,-2.705481383905659
402.0,4.01599,-2.7406600947846202
403.0,4.02598,-3.594416519828397
404.0,4.03597,-3.1973568931613134
405.0,4.04596,-2.4233877762646387
406.0,4.05595,-2.7640589598809377
407.0,4.06594,-1.2728306788139165
408.0,4.07593,-2.7544205572896834
409.0,4.08592,-3.7342899204364444
410.0,4.09591,-4.616740159047511
411.0,4.1059,-2.894933526537692
412.0,4.11589,-2.6253852523877192
413.0,4.12588,-3.998367488813522
414.0,4.13587,-2.54167454541096
415.0,4.14586,-3.338396376361636
416.0,4.15585,-3.7417645289309496
417.0,4.16584,-2.2314491951073436
418.0,4.17583,-3.4365350446865723
419.0,4.18582,-3.65157662845909
420.0,4.19581,-2.2578728276619637
421.0,4.2058,-3.328861653510376
422.0,4.21579,-2.022472389065828
423.0,4.22578,-1.6438100573477887
424.0,4.2357700000000005,-3.636835897656323
425.0,4.24576,-2.9912579951235427
426.0,4.25575,-3.286415841054583
427.0,4.26574,-2.6424238723724853
428.0,4.27573,-3.701977245039111
429.0,4.28572,-4.032344081182662
430.0,4.29571,-4.1776053400586886
431.0,4.3057,-2.2225693459734934
432.0,4.31569,-1.864611600239842
433.0,4.32568,-2.6900223919814037
434.0,4.33567,-2.432191574011144
435.0,4.34566,-2.9595713186658217
436.0,4.35565,-1.2362533076702866
437.0,4.36564,-3.0072952787457976
438.0,4.37563,-4.113827830503897
439.0,4.38562,-1.8299600406026681
440.0,4.3956100000000005,-4.641290030416425
441.0,4.4056,-4.056136189170689
442.0,4.41559,-1.8589685934366407
443.0,4.42558,-4.483762389617088
444.0,4.43557,-2.6732669403222924
445.0,4.44556,-3.9469298775343473
446.0,4.45555,-4.573809192553554
447.0,4.46554,-2.1802038913816517
448.0,4.47553,-3.373960052805349
449.0,4.48552,-4.581175094540825
450.0,4.49551,-4.677876281520794
451.0,4.5055000000000005,-3.3178323177071753
452.0,4.51549,-3.4278469973223773
453.0,4.52548,-2.323890713303768
454.0,4.53547,-5.6042774948048155
455.0,4.54546,-1.6665077855607584
456.0,4.55545,-4.682466617386998
457.0,4.56544,-3.6391120453931105
458.0,4.57543,-4.8297787126715885
459.0,4.58542,-6.053912331375361
460.0,4.59541,-4.19355037241422
461.0,4.6054,-2.9153693933957037
462.0,4.61539,-4.690187058180598
463.0,4.62538,-4.642434722730774
464.0,4.63537,-3.9953462130755115
465.0,4.64536,-3.7854980062334276
466.0,4.65535,-4.7780701261490135
467.0,4.6653400000000005,-3.1634449956336463
468.0,4.67533,-4.431080929929628
469.0,4.68532,-2.5437878759320705
470.0,4.69531,-3.5592558074751697
471.0,4.7053,-2.1701225684261174
472.0,4.71529,-3.6750909619957794
473.0,4.72528,-2.760989121010221
474.0,4.73527,-3.8213475461677127
475.0,4.74526,-3.298780932016316
476.0,4.75525,-3.9136965311401437
477.0,4.76524,-2.190314402461551
478.0,4.77523,-3.395921786258368
479.0,4.78522,-2.860017481014859
480.0,4.79521,-3.2547467715895637
481.0,4.8052,-2.6806129144732984
482.0,4.81519,-4.378926867017345
483.0,4.8251800000000005,-3.3118723686391123
484.0,4.83517,-3.232741016236701
485.0,4.84516,-2.792846868273884
486.0,4.85515,-3.9139574599013165
487.0,4.86514,-2.819654072200764
488.0,4.87513,-3.3159299579428287
489.0,4.88512,-4.018777763951618
490.0,4.89511,-2.627758725586567
491.0,4.9051,-3.594554867279159
492.0,4.91509,-1.8909773090453406
493.0,4.92508,-3.168175769539736
494.0,4.9350700000000005,-3.3884135717869768
495.0,4.94506,-3.825513222959277
496.0,4.95505,-2.8339099420483396
497.0,4.96504,-3.7892422416365594
498.0,4.97503,-3.205537625267884
499.0,4.9850200000000005,-2.6141719857013097
500.0,4.99501,-2.643783360942531
501.0,5.005,-4.073366400640758
502.0,5.01499,-3.366768196350526
503.0,5.02498,-2.0346051377215213
504.0,5.03497,-1.4212920536271831
505.0,5.04496,-2.4324691124942683
506.0,5.05495,-1.231522256750909
507.0,5.06494,-3.299462638641911
508.0,5.07493,-0.881309967948436
509.0,5.08492,-4.560112258482788
510.0,5.0949100000000005,-1.7304304497953444
511.0,5.1049,-3.954016990686049
512.0,5.11489,-1.7673828138658767
513.0,5.12488,-2.5197217087264194
514.0,5.13487,-1.1874151299762463
515.0,5.14486,-1.8063531139038242
516.0,5.15485,-2.773042067584878
517.0,5.16484,-3.4996758069543783
518.0,5.17483,-2.721373011361656
519.0,5.18482,-1.3918712647786657
520.0,5.19481,-3.251304810772551
521.0,5.2048000000000005,-0.7438694404837887
522.0,5.21479,-3.0337240399384324
523.0,5.22478,-2.747481361474472
524.0,5.23477,-3.030206324184102
525.0,5.24476,-1.996349486120069
526.0,5.2547500000000005,-1.0096772799775207
527.0,5.26474,-2.7458848796294704
528.0,5.27473,-2.553690720150521
529.0,5.28472,-2.0017033164670415
530.0,5.29471,-2.109889424775415
531.0,5.3047,-1.7498713131420398
532.0,5.31469,-2.451448894934874
533.0,5.32468,-2.7810265652030663
534.0,5.33467,-5.618296609353038
535.0,5.34466,-1.1881201756719373
536.0,5.35465,-2.784152968874841
537.0,5.3646400000000005,0.20768694214632433
538.0,5.37463,-1.9152540892094652
539.0,5.38462,-2.7834939084895534
540.0,5.39461,-4.132260389877361
541.0,5.4046,-2.447079792992188
542.0,5.4145900000000005,-4.333708247798796
543.0,5.42458,-1.1567585432630514
544.0,5.43457,-2.87496634994144
545.0,5.44456,-2.8479800304920992
546.0,5.45455,-4.452583793281558
547.0,5.46454,-0.7418833713230357
548.0,5.474530000000001,-3.751305963669447
549.0,5.48452,-2.4921090044174568
550.0,5.49451,-1.5466424013028317
551.0,5.5045,-2.5022544761460215
552.0,5.51449,-3.237663910052942
553.0,5.5244800000000005,-1.7262732001817596
554.0,5.53447,-2.7527443064743853
555.0,5.54446,-0.697486795794083
556.0,5.55445,-1.8594602468970818
557.0,5.56444,-1.628689708577937
558.0,5.57443,-2.09865759554234
559.0,5.58442,-0.477928328193725
560.0,5.59441,-1.2497227024060342
561.0,5.6044,-2.509082889841766
562.0,5.61439,-0.6949940496317307
563.0,5.62438,-2.275937201321894
564.0,5.6343700000000005,-1.932393920651292
565.0,5.64436,-1.1417322751911771
566.0,5.65435,-3.372818054472832
567.0,5.66434,-0.685181063714259
568.0,5.67433,-0.5371735250078041
569.0,5.6843200000000005,1.2709036995389689
570.0,5.69431,-0.3768569098217168
571.0,5.7043,-1.5940680974646975
572.0,5.71429,0.3487123959359708
573.0,5.72428,-0.7007498339775127
574.0,5.73427,-0.6853089494227249
575.0,5.74426,-0.0808570049507018
576.0,5.75425,-0.18265505042694175
577.0,5.76424,0.11167101078922048
578.0,5.77423,-0.9208327167378054
579.0,5.78422,0.9819598109064771
580.0,5.7942100000000005,-1.1665361996761847
581.0,5.8042,-1.8047158382538824
582.0,5.81419,-0.48385038391176277
583.0,5.82418,0.10782752921339123
584.0,5.83417,-1.5896650874499092
585.0,5.8441600000000005,-0.11495211378502862
586.0,5.85415,-0.31113517795010653
587.0,5.86414,0.8060204524541785
588.0,5.87413,0.5357922960800553
589.0,5.88412,-0.3384932187429257
590.0,5.89411,0.8875145764272296
591.0,5.904100000000001,0.7457825060398686
592.0,5.91409,0.5622839126937903
593.0,5.92408,-0.6357158666953953
594.0,5.93407,-0.9177127363414272
595.0,5.94406,0.4569161863040225
596.0,5.9540500000000005,-1.1425925570342679
597.0,5.96404,-1.0739011387636395
598.0,5.97403,1.1767208086765508
599.0,5.98402,-0.5036067735245929
600.0,5.99401,0.24061224098821357
601.0,6.0040000000000004,0.19654017253304587
602.0,6.01399,2.7064653302544275
603.0,6.02398,1.791857896681777
604.0,6.03397,0.6928751380629983
605.0,6.04396,-0.8095385213277033
606.0,6.05395,2.440112394500972
607.0,6.0639400000000006,1.8769931582626214
608.0,6.07393,-0.6049020496406896
609.0,6.08392,0.7532595479308376
610.0,6.09391,0.8247551401770505
611.0,6.1039,1.2291171880924918
612.0,6.1138900000000005,2.2339754052208978
613.0,6.12388,1.7304411302240572
614.0,6.13387,2.25976060900654
615.0,6.14386,0.5153883770024524
616.0,6.15385,1.8664899506550958
617.0,6.16384,0.2859624743690683
618.0,6.173830000000001,0.5463719482046986
619.0,6.18382,2.017145110684966
620.0,6.19381,0.052841941949253846
621.0,6.2038,1.5096471176867972
622.0,6.21379,-0.6290153507522112
623.0,6.2237800000000005,1.7395388445645446
624.0,6.23377,2.306003514462292
625.0,6.24376,1.8631029991854828
626.0,6.25375,0.41602677134360655
627.0,6.26374,0.32794107143478635
628.0,6.2737300000000005,1.1435908905577274
629.0,6.28372,2.4412461747027776
630.0,6.29371,2.928281400141973
631.0,6.3037,2.185233273970934
632.0,6.31369,2.3942588553426405
633.0,6.32368,2.878933424102678
634.0,6.333670000000001,2.347967031666318
635.0,6.34366,1.9582955702094167
636.0,6.35365,1.9343140092025801
637.0,6.36364,3.7505594141611276
638.0,6.37363,2.170346453677636
639.0,6.3836200000000005,3.5730394841794295
640.0,6.39361,2.0182246749808206
641.0,6.4036,3.150834738133805
642.0,6.41359,3.2428905860259505
643.0,6.42358,3.874256937080859
644.0,6.4335700000000005,4.394368726823937
645.0,6.443560000000001,3.7964991206427765
646.0,6.45355,2.4840306997309884
647.0,6.46354,1.0649431912944312
648.0,6.47353,3.2653705326545572
649.0,6.48352,4.33650045918561
650.0,6.493510000000001,4.00092264497543
651.0,6.5035,2.696126850415135
652.0,6.51349,4.829991014318995
653.0,6.52348,3.8005501909433015
654.0,6.53347,2.279299055007971
655.0,6.5434600000000005,2.4464289635118477
656.0,6.55345,3.437411920365295
657.0,6.56344,2.3343458181386922
658.0,6.57343,2.8215915627560664
659.0,6.58342,2.8761102064701443
660.0,6.59341,4.31417240281986
661.0,6.603400000000001,2.7068391369929388
662.0,6.61339,3.970787951707001
663.0,6.62338,3.803237910920201
664.0,6.63337,4.637872581223899
665.0,6.64336,2.186297726978296
666.0,6.6533500000000005,3.6330306668645473
667.0,6.66334,3.6721514111190245
668.0,6.67333,5.337994743892312
669.0,6.68332,2.457478519996145
670.0,6.69331,3.7979993055346095
671.0,6.7033000000000005,5.02177156478067
672.0,6.71329,5.139400253988343
673.0,6.72328,4.521389826840908
674.0,6.73327,5.9307462097838295
675.0,6.74326,4.698934495660078
676.0,6.75325,4.517112021686146
677.0,6.763240000000001,4.207517511510112
678.0,6.77323,2.964049057983424
679.0,6.78322,4.788442441134587
680.0,6.79321,2.570446368711867
681.0,6.8032,3.6279797736077297
682.0,6.8131900000000005,6.711230113359126
683.0,6.82318,5.170182039055929
684.0,6.83317,6.414837196659137
685.0,6.84316,3.9265745762600095
686.0,6.85315,5.179347770232468
687.0,6.8631400000000005,6.152618521573328
688.0,6.873130000000001,4.943132799524732
689.0,6.88312,4.903800767560903
690.0,6.89311,3.94331444742176
691.0,6.9031,5.1215323066004785
692.0,6.91309,4.671014255323539
693.0,6.923080000000001,5.088662360436359
694.0,6.93307,5.409434902844923
695.0,6.94306,5.189290140806468
696.0,6.95305,6.125783151569957
697.0,6.96304,4.690725284799
698.0,6.9730300000000005,5.463039272781586
699.0,6.98302,4.346928650664159
700.0,6.99301,5.107334068099599
701.0,7.003,6.868964835422936
702.0,7.01299,6.496615965180871
703.0,7.0229800000000004,4.197362452412441
704.0,7.032970000000001,5.6245313341369565
705.0,7.04296,7.776980339690831
706.0,7.05295,4.928916371342258
707.0,7.06294,5.342464755422763
708.0,7.07293,6.131304892369255
709.0,7.0829200000000005,4.692009947266456
710.0,7.09291,6.450946748219459
711.0,7.1029,5.830212237626336
712.0,7.11289,5.348157279759506
713.0,7.12288,4.161913358187254
714.0,7.1328700000000005,5.781580827859752
715.0,7.142860000000001,6.417036991149853
716.0,7.15285,8.398483899025141
717.0,7.16284,6.599055342876493
718.0,7.17283,4.608862779941337
719.0,7.18282,5.0877599332955565
720.0,7.192810000000001,5.054469175407988
721.0,7.2028,6.399477613192129
722.0,7.21279,6.582479816837992
723.0,7.22278,6.396586952033183
724.0,7.23277,5.344144127760175
725.0,7.2427600000000005,3.4391732843738354
726.0,7.25275,6.658039943884708
727.0,7.26274,5.747467088488978
728.0,7.27273,4.984678935715653
729.0,7.28272,4.302560035764221
730.0,7.2927100000000005,6.830284296498533
731.0,7.302700000000001,7.334942144711393
732.0,7.31269,6.335152612446957
733.0,7.32268,8.361404678433757
734.0,7.33267,9.869921949474111
735.0,7.34266,7.0739864911351065
736.0,7.352650000000001,6.319098661308914
737.0,7.36264,5.142482878200418
738.0,7.37263,7.827147268884093
739.0,7.38262,6.527298263784884
740.0,7.39261,7.770244305675055
741.0,7.4026000000000005,7.7614339959914975
742.0,7.412590000000001,7.202996463313453
743.0,7.42258,7.866336546469423
744.0,7.43257,7.141407361850921
745.0,7.44256,6.037090652322375
746.0,7.4525500000000005,7.758803741603875
747.0,7.462540000000001,7.401751772045285
748.0,7.47253,6.308033413884838
749.0,7.48252,8.853249741633126
750.0,7.49251,6.392364512460359
751.0,7.5025,7.147253056980605
752.0,7.512490000000001,6.021666623862491
753.0,7.52248,6.579098577355239
754.0,7.53247,6.622494231054542
755.0,7.54246,5.303789193241838
756.0,7.55245,7.450414378218059
757.0,7.5624400000000005,5.786394151060324
758.0,7.572430000000001,5.466519395654149
759.0,7.58242,8.221266950173264
760.0,7.59241,7.102257639151402
761.0,7.6024,6.100421829453366
762.0,7.61239,5.64106967673541
763.0,7.622380000000001,7.77602029989021
764.0,7.63237,7.049370122091126
765.0,7.64236,7.077345955123995
766.0,7.65235,7.9392295996809015
767.0,7.66234,6.940225009280546
768.0,7.6723300000000005,4.71060756422467
769.0,7.682320000000001,8.126672366950597
770.0,7.69231,7.206568414807056
771.0,7.7023,6.739666390041983
772.0,7.71229,8.459091007699891
773.0,7.7222800000000005,5.664513462653719
774.0,7.732270000000001,10.583739919445106
775.0,7.74226,8.547044451230288
776.0,7.75225,5.16992278116435
777.0,7.76224,7.578385631144307
778.0,7.77223,6.194036535487506
779.0,7.782220000000001,7.531660007967868
780.0,7.79221,8.621611845232065
781.0,7.8022,7.213856081274486
782.0,7.81219,6.064736130126848
783.0,7.82218,5.640468253142884
784.0,7.8321700000000005,8.042184331755694
785.0,7.842160000000001,5.808478367109252
786.0,7.85215,6.41387972681143
787.0,7.86214,7.030078626969767
788.0,7.87213,7.208755842926327
789.0,7.8821200000000005,6.551316303341634
790.0,7.892110000000001,5.71163407958013
791.0,7.9021,6.883140329090628
792.0,7.91209,6.427617968290466
793.0,7.92208,5.490975695717953
794.0,7.93207,7.772346770104886
795.0,7.942060000000001,6.00142656981866
796.0,7.95205,7.6430384506217335
797.0,7.96204,7.834188573877084
798.0,7.97203,6.324498240374749
799.0,7.98202,9.433388117473086
800.0,7.9920100000000005,8.806343737825467
801.0,8.002,5.587390619201863
802.0,8.01199,7.70500426057489
803.0,8.021980000000001,7.674151612562865
804.0,8.031970000000001,7.850852605563291
805.0,8.04196,6.329799981493436
806.0,8.05195,7.880092056411539
807.0,8.06194,5.499021580785869
808.0,8.07193,7.314688062794969
809.0,8.08192,7.247612311756702
810.0,8.09191,8.419931368455558
811.0,8.1019,7.688050496301202
812.0,8.11189,7.2908686805026495
813.0,8.12188,6.5457484058464726
814.0,8.131870000000001,7.140996841441237
815.0,8.14186,7.871707745634248
816.0,8.15185,5.296936196503554
817.0,8.16184,7.215257504549036
818.0,8.17183,7.239681304960469
819.0,8.18182,6.985041434554495
820.0,8.19181,6.095357399221537
821.0,8.2018,6.099133225899889
822.0,8.21179,7.0612006167783665
823.0,8.22178,7.076877688472939
824.0,8.231770000000001,8.052706569188821
825.0,8.241760000000001,7.427413194409266
826.0,8.25175,6.700948211067757
827.0,8.26174,4.6403622824294555
828.0,8.27173,6.7860146862123605
829.0,8.28172,5.21572331511902
830.0,8.29171,6.403909608722057
831.0,8.3017,5.885825937478341
832.0,8.31169,6.15060022103338
833.0,8.32168,6.00191650933578
834.0,8.33167,6.86941130567159
835.0,8.341660000000001,6.391911343056936
836.0,8.351650000000001,6.119260133619922
837.0,8.36164,7.30018056386176
838.0,8.37163,6.334121893094593
839.0,8.38162,6.911900845423632
840.0,8.39161,6.00549814105832
841.0,8.4016,7.967933779533408
842.0,8.41159,7.467677136090048
843.0,8.42158,6.478950470138079
844.0,8.43157,5.42546111868691
845.0,8.44156,4.368241908153331
846.0,8.451550000000001,4.064957594728292
847.0,8.461540000000001,6.7199768061263745
848.0,8.47153,6.974436599119495
849.0,8.48152,5.033900549346717
850.0,8.49151,6.885990099683008
851.0,8.5015,5.867462151550812
852.0,8.51149,5.470803000819429
853.0,8.52148,6.744398409664255
854.0,8.53147,5.4696723333353106
855.0,8.54146,4.665328457051229
856.0,8.55145,5.116173902953113
857.0,8.561440000000001,6.809726886580914
858.0,8.57143,5.421731104077833
859.0,8.58142,5.151563576574296
860.0,8.59141,6.293152555186929
861.0,8.6014,5.854073465070791
862.0,8.61139,5.8416026477812535
863.0,8.62138,4.449885810866236
864.0,8.63137,4.371762307845653
865.0,8.64136,6.014391841771057
866.0,8.65135,6.035459262032394
867.0,8.661340000000001,6.72731121509208
868.0,8.671330000000001,4.236986219916388
869.0,8.68132,6.0373991595201435
870.0,8.69131,4.267833586086626
871.0,8.7013,5.411306669850282
872.0,8.71129,4.392580284000219
873.0,8.72128,3.7629026191155623
874.0,8.73127,6.500995063031275
875.0,8.74126,5.497466899490595
876.0,8.75125,6.312450033669489
877.0,8.76124,5.962471602422309
878.0,8.771230000000001,4.219858950934856
879.0,8.781220000000001,4.416312770443145
880.0,8.79121,4.993208833603825
881.0,8.8012,5.463255296339847
882.0,8.81119,5.29471742973603
883.0,8.82118,7.801440931200492
884.0,8.83117,6.090598364286374
885.0,8.84116,4.778714440220719
886.0,8.85115,7.399008091664442
887.0,8.86114,5.112560631456866
888.0,8.87113,5.073511531026649
889.0,8.881120000000001,4.052227702102741
890.0,8.891110000000001,6.156889421310213
891.0,8.9011,6.693405968503468
892.0,8.91109,5.487151506230239
893.0,8.92108,5.668278424049437
894.0,8.93107,5.248852565882232
895.0,8.94106,5.787568564168971
896.0,8.95105,3.641474790632205
897.0,8.96104,4.499792635667833
898.0,8.97103,3.7594780728617434
899.0,8.981020000000001,5.132734922325463
900.0,8.991010000000001,4.077206147311931
901.0,9.001000000000001,3.7530634521424076
902.0,9.01099,4.167438466308289
903.0,9.02098,4.8736985983236085
904.0,9.03097,4.503116177382166
905.0,9.04096,4.791795159094983
906.0,9.05095,4.997531934096927
907.0,9.06094,4.400433304166988
908.0,9.07093,3.9189690284767145
909.0,9.08092,5.607054084148714
910.0,9.090910000000001,3.1703444465225066
911.0,9.100900000000001,3.179078867381212
912.0,9.11089,3.9733605658320994
913.0,9.12088,4.782077896438658
914.0,9.13087,4.934020419985573
915.0,9.14086,3.3243081870699758
916.0,9.15085,2.924985151548411
917.0,9.16084,2.551309093929156
918.0,9.17083,2.999637932685042
919.0,9.18082,4.897137914519799
920.0,9.19081,2.091912996000403
921.0,9.200800000000001,3.185666208526257
922.0,9.210790000000001,2.905760003923078
923.0,9.22078,1.8695025976533723
924.0,9.23077,2.460353294354089
925.0,9.24076,2.986967270258895
926.0,9.25075,3.736028933102394
927.0,9.26074,3.5528473618628937
928.0,9.27073,1.3440021957762358
929.0,9.28072,3.7839054756272965
930.0,9.29071,1.982088191084217
931.0,9.3007,3.90990912285168
932.0,9.310690000000001,1.5430913441431453
933.0,9.320680000000001,1.348744851350115
934.0,9.33067,2.289758064530667
935.0,9.34066,1.210473494079108
936.0,9.35065,3.13123631982805
937.0,9.36064,2.1802163714707454
938.0,9.37063,2.35051346497417
939.0,9.38062,4.499984811449031
940.0,9.39061,3.667499616808522
941.0,9.4006,0.6459684910326267
942.0,9.410590000000001,1.206604791377187
943.0,9.420580000000001,2.392502322691055
944.0,9.430570000000001,1.578721530997132
945.0,9.44056,1.8853257850476934
946.0,9.45055,2.845676716724164
947.0,9.46054,2.4138493319651393
948.0,9.47053,1.1783671637873343
949.0,9.48052,2.2570755117327708
950.0,9.49051,3.8549377868739683
951.0,9.5005,0.6730675520315905
952.0,9.51049,1.3689134297319923
953.0,9.520480000000001,1.8962562863689247
954.0,9.530470000000001,3.7782206383993646
955.0,9.54046,1.912662533185543
956.0,9.55045,3.0168628519701723
957.0,9.56044,-0.3159824116547578
958.0,9.57043,1.839448260722266
959.0,9.58042,3.3881159043240836
960.0,9.59041,1.2467133159427357
961.0,9.6004,3.5059240013390234
962.0,9.61039,1.387578303740063
963.0,9.62038,2.4462960489721617
964.0,9.630370000000001,4.3970297880496485
965.0,9.640360000000001,1.0442224536012092
966.0,9.65035,0.6074334700977254
967.0,9.66034,1.2035432933915362
968.0,9.67033,1.0848193241728068
969.0,9.68032,2.649575219073953
970.0,9.69031,1.9312172254082103
971.0,9.7003,1.5112068881808827
972.0,9.71029,0.3438322252856332
973.0,9.72028,-0.2760824662642942
974.0,9.73027,0.5498038367296667
975.0,9.740260000000001,1.592677468377169
976.0,9.750250000000001,0.8940328296963601
977.0,9.76024,-0.8439033769854181
978.0,9.77023,0.4369551280106348
979.0,9.78022,-0.6633326923855423
980.0,9.79021,0.16416186071510552
981.0,9.8002,2.3966401939561575
982.0,9.81019,-0.3882463015668576
983.0,9.82018,-1.8324239400277158
984.0,9.83017,0.18483287037386847
985.0,9.840160000000001,0.9212259474426474
986.0,9.850150000000001,-0.33946943024051246
987.0,9.860140000000001,0.9730151465806104
988.0,9.87013,0.40470826480379546
989.0,9.88012,0.6672924045966436
990.0,9.89011,0.34031065066702487
991.0,9.9001,1.983765241017569
992.0,9.91009,-0.012962811723804986
993.0,9.92008,0.5646121664745882
994.0,9.93007,-2.2759783679162098
995.0,9.94006,-0.2566706017004763
996.0,9.950050000000001,-1.107192663149657
997.0,9.960040000000001,-0.4006691468792226
998.0,9.970030000000001,-0.053725325928033196
999.0,9.98002,-0.8055136695440687
1000.0,9.99001,-1.1154140440422915
1001.0,10.0,-0.06473671211757637
